100080576_f52e8ee070_n.jpg, daisy
10140303196_b88d3d6cec.jpg, daisy
10172379554_b296050f82_n.jpg, daisy
10172567486_2748826a8b.jpg, daisy
10172636503_21bededa75_n.jpg, daisy
102841525_bd6628ae3c.jpg, daisy
10300722094_28fa978807_n.jpg, daisy
1031799732_e7f4008c03.jpg, daisy
10391248763_1d16681106_n.jpg, daisy
10437754174_22ec990b77_m.jpg, daisy
10437770546_8bb6f7bdd3_m.jpg, daisy
10437929963_bc13eebe0c.jpg, daisy
10466290366_cc72e33532.jpg, daisy
10466558316_a7198b87e2.jpg, daisy
10555749515_13a12a026e.jpg, daisy
10555815624_dc211569b0.jpg, daisy
10555826524_423eb8bf71_n.jpg, daisy
10559679065_50d2b16f6d.jpg, daisy
105806915_a9c13e2106_n.jpg, daisy
10712722853_5632165b04.jpg, daisy
107592979_aaa9cdfe78_m.jpg, daisy
10770585085_4742b9dac3_n.jpg, daisy
10841136265_af473efc60.jpg, daisy
10993710036_2033222c91.jpg, daisy
10993818044_4c19b86c82.jpg, daisy
10994032453_ac7f8d9e2e.jpg, daisy
11023214096_b5b39fab08.jpg, daisy
11023272144_fce94401f2_m.jpg, daisy
11023277956_8980d53169_m.jpg, daisy
11124324295_503f3a0804.jpg, daisy
1140299375_3aa7024466.jpg, daisy
11439894966_dca877f0cd.jpg, daisy
1150395827_6f94a5c6e4_n.jpg, daisy
11642632_1e7627a2cc.jpg, daisy
11834945233_a53b7a92ac_m.jpg, daisy
11870378973_2ec1919f12.jpg, daisy
11891885265_ccefec7284_n.jpg, daisy
12193032636_b50ae7db35_n.jpg, daisy
12348343085_d4c396e5b5_m.jpg, daisy
12585131704_0f64b17059_m.jpg, daisy
12601254324_3cb62c254a_m.jpg, daisy
1265350143_6e2b276ec9.jpg, daisy
12701063955_4840594ea6_n.jpg, daisy
1285423653_18926dc2c8_n.jpg, daisy
1286274236_1d7ac84efb_n.jpg, daisy
12891819633_e4c82b51e8.jpg, daisy
1299501272_59d9da5510_n.jpg, daisy
1306119996_ab8ae14d72_n.jpg, daisy
1314069875_da8dc023c6_m.jpg, daisy
1342002397_9503c97b49.jpg, daisy
134409839_71069a95d1_m.jpg, daisy
1344985627_c3115e2d71_n.jpg, daisy
13491959645_2cd9df44d6_n.jpg, daisy
1354396826_2868631432_m.jpg, daisy
1355787476_32e9f2a30b.jpg, daisy
13583238844_573df2de8e_m.jpg, daisy
1374193928_a52320eafa.jpg, daisy
13826249325_f61cb15f86_n.jpg, daisy
13901930939_a7733c03f0_n.jpg, daisy
1392131677_116ec04751.jpg, daisy
1392946544_115acbb2d9.jpg, daisy
13953307149_f8de6a768c_m.jpg, daisy
1396526833_fb867165be_n.jpg, daisy
13977181862_f8237b6b52.jpg, daisy
14021430525_e06baf93a9.jpg, daisy
14073784469_ffb12f3387_n.jpg, daisy
14087947408_9779257411_n.jpg, daisy
14088053307_1a13a0bf91_n.jpg, daisy
14114116486_0bb6649bc1_m.jpg, daisy
14147016029_8d3cf2414e.jpg, daisy
14163875973_467224aaf5_m.jpg, daisy
14167534527_781ceb1b7a_n.jpg, daisy
14167543177_cd36b54ac6_n.jpg, daisy
14219214466_3ca6104eae_m.jpg, daisy
14221836990_90374e6b34.jpg, daisy
14221848160_7f0a37c395.jpg, daisy
14245834619_153624f836.jpg, daisy
14264136211_9531fbc144.jpg, daisy
14272874304_47c0a46f5a.jpg, daisy
14307766919_fac3c37a6b_m.jpg, daisy
14330343061_99478302d4_m.jpg, daisy
14332947164_9b13513c71_m.jpg, daisy
14333681205_a07c9f1752_m.jpg, daisy
14350958832_29bdd3a254.jpg, daisy
14354051035_1037b30421_n.jpg, daisy
14372713423_61e2daae88.jpg, daisy
14399435971_ea5868c792.jpg, daisy
14402451388_56545a374a_n.jpg, daisy
144076848_57e1d662e3_m.jpg, daisy
144099102_bf63a41e4f_n.jpg, daisy
1441939151_b271408c8d_n.jpg, daisy
14421389519_d5fd353eb4.jpg, daisy
144603918_b9de002f60_m.jpg, daisy
14471433500_cdaa22e3ea_m.jpg, daisy
14485782498_fb342ec301.jpg, daisy
14507818175_05219b051c_m.jpg, daisy
14523675369_97c31d0b5b.jpg, daisy
14551098743_2842e7a004_n.jpg, daisy
14554906452_35f066ffe9_n.jpg, daisy
14564545365_1f1d267bf1_n.jpg, daisy
14569895116_32f0dcb0f9.jpg, daisy
14591326135_930703dbed_m.jpg, daisy
14600779226_7bbc288d40_m.jpg, daisy
14613443462_d4ed356201.jpg, daisy
14621687774_ec52811acd_n.jpg, daisy
14674743211_f68b13f6d9.jpg, daisy
14698531521_0c2f0c6539.jpg, daisy
147068564_32bb4350cc.jpg, daisy
14707111433_cce08ee007.jpg, daisy
14716799982_ed6d626a66.jpg, daisy
14816364517_2423021484_m.jpg, daisy
14866200659_6462c723cb_m.jpg, daisy
14907815010_bff495449f.jpg, daisy
14921511479_7b0a647795.jpg, daisy
15029936576_8d6f96c72c_n.jpg, daisy
15100730728_a450c5f422_n.jpg, daisy
15207766_fc2f1d692c_n.jpg, daisy
15306268004_4680ba95e1.jpg, daisy
153210866_03cc9f2f36.jpg, daisy
15327813273_06cdf42210.jpg, daisy
154332674_453cea64f4.jpg, daisy
15760153042_a2a90e9da5_m.jpg, daisy
15760811380_4d686c892b_n.jpg, daisy
15784493690_b1858cdb2b_n.jpg, daisy
15813862117_dedcd1c56f_m.jpg, daisy
15853110333_229c439e7f.jpg, daisy
158869618_f1a6704236_n.jpg, daisy
16020253176_60f2a6a5ca_n.jpg, daisy
16025261368_911703a536_n.jpg, daisy
16056178001_bebc2153fe_n.jpg, daisy
16121105382_b96251e506_m.jpg, daisy
16161045294_70c76ce846_n.jpg, daisy
162362896_99c7d851c8_n.jpg, daisy
162362897_1d21b70621_m.jpg, daisy
16291797949_a1b1b7c2bd_n.jpg, daisy
16323838000_3818bce5c6_n.jpg, daisy
16360180712_b72695928c_n.jpg, daisy
163978992_8128b49d3e_n.jpg, daisy
16401288243_36112bd52f_m.jpg, daisy
16482676953_5296227d40_n.jpg, daisy
16492248512_61a57dfec1_m.jpg, daisy
16527403771_2391f137c4_n.jpg, daisy
16577886423_9b23622f1d_n.jpg, daisy
16737503507_431768a927.jpg, daisy
16819071290_471d99e166_m.jpg, daisy
16833748795_b681b2839f_n.jpg, daisy
169371301_d9b91a2a42.jpg, daisy
17027891179_3edc08f4f6.jpg, daisy
17101762155_2577a28395.jpg, daisy
171972704_389cf7a953.jpg, daisy
17249393016_093e915012_n.jpg, daisy
172882635_4cc7b86731_m.jpg, daisy
17357636476_1953c07aa4_n.jpg, daisy
174131220_c853df1287.jpg, daisy
175106495_53ebdef092_n.jpg, daisy
176375506_201859bb92_m.jpg, daisy
17821980772_35164ae1e8_n.jpg, daisy
18023717391_e2c9089e10.jpg, daisy
181007802_7cab5ee78e_n.jpg, daisy
18195689904_46619b7e16_n.jpg, daisy
18203367608_07a04e98a4_n.jpg, daisy
18354545086_693ea7bc2a.jpg, daisy
18400014056_2e4c601ed5.jpg, daisy
18442919723_d1251d3e14_n.jpg, daisy
18474740346_ffdaa18032.jpg, daisy
18582579815_4c6637e9ff_m.jpg, daisy
18622672908_eab6dc9140_n.jpg, daisy
18635898912_eb8e058ef0.jpg, daisy
18679421522_3be9879e32.jpg, daisy
18684594849_7dd3634f5e_n.jpg, daisy
18711159980_11d3bd5042.jpg, daisy
1879567877_8ed2a5faa7_n.jpg, daisy
18901817451_43e2b45f6c.jpg, daisy
19019544592_b64469bf84_n.jpg, daisy
19177263840_6a316ea639.jpg, daisy
19178753159_a471bf4b6b.jpg, daisy
19280272025_57de24e940_m.jpg, daisy
19527362416_8bdcbefb8b_n.jpg, daisy
19544831049_0d738d4872_m.jpg, daisy
1955336401_fbb206d6ef_n.jpg, daisy
19653086178_28156b7ce4_m.jpg, daisy
19813618946_93818db7aa_m.jpg, daisy
19834392829_7d697871f6.jpg, daisy
19865728236_a62f8f445b_n.jpg, daisy
19975899671_ebc42b7865_n.jpg, daisy
2001380507_19488ff96a_n.jpg, daisy
20182559506_40a112f762.jpg, daisy
2019064575_7656b9340f_m.jpg, daisy
20289938802_e16fa9f23d.jpg, daisy
20329326505_a777c71cc2.jpg, daisy
2045022175_ad087f5f60_n.jpg, daisy
2057816617_18448093d0_n.jpg, daisy
20580471306_ab5a011b15_n.jpg, daisy
20619292635_9857a12d54.jpg, daisy
20685027271_0e7306e7c1_n.jpg, daisy
20703737132_179560d0fb.jpg, daisy
20773528301_008fcbc5a1_n.jpg, daisy
2077865117_9ed85191ae_n.jpg, daisy
2087343668_ef4fb95787_n.jpg, daisy
20948886919_cac7844f34_n.jpg, daisy
21402054779_759366efb0_n.jpg, daisy
21626652132_97e1318bb8_m.jpg, daisy
21652746_cc379e0eea_m.jpg, daisy
21805938544_bf6bb0e4bc.jpg, daisy
2213954589_c7da4b1486.jpg, daisy
22244161124_53e457bb66_n.jpg, daisy
22873310415_3a5674ec10_m.jpg, daisy
23095658544_7226386954_n.jpg, daisy
2331133004_582772d58f_m.jpg, daisy
2346726545_2ebce2b2a6.jpg, daisy
2349640101_212c275aa7.jpg, daisy
2365428551_39f83f10bf_n.jpg, daisy
2408024540_37f0be7cc0_n.jpg, daisy
2454280135_ac3aa75cdc_n.jpg, daisy
2454280137_e1637536ae_n.jpg, daisy
2473825306_62fd5f8785_n.jpg, daisy
2476937534_21b285aa46_n.jpg, daisy
2479956481_8d1a9699be_n.jpg, daisy
2480569557_f4e1f0dcb8_n.jpg, daisy
2481823240_eab0d86921.jpg, daisy
2482982436_a2145359e0_n.jpg, daisy
2488902131_3417698611_n.jpg, daisy
2498632196_e47a472d5a.jpg, daisy
2509545845_99e79cb8a2_n.jpg, daisy
2511306240_9047015f2d_n.jpg, daisy
2513618768_ff7c004796_m.jpg, daisy
2514748602_343d4727c0_n.jpg, daisy
2520369272_1dcdb5a892_m.jpg, daisy
2521408074_e6f86daf21_n.jpg, daisy
25360380_1a881a5648.jpg, daisy
2536529152_33ef3ee078_n.jpg, daisy
2538504987_fe524b92a8_n.jpg, daisy
2539552964_921cf645ba_n.jpg, daisy
2561352120_7961d8263f.jpg, daisy
2561371688_c80a4fe957_n.jpg, daisy
2567033807_8e918c53d8_n.jpg, daisy
2573240560_ff7ffdd449.jpg, daisy
2578695910_5ab8ee17c1_n.jpg, daisy
2579018590_74359dcf1a_m.jpg, daisy
2581171297_b0a249b92b_n.jpg, daisy
2590291468_2635d3e4e0_n.jpg, daisy
2599662355_7782218c83.jpg, daisy
2607132536_d95198e619_n.jpg, daisy
2611119198_9d46b94392.jpg, daisy
2612704455_efce1c2144_m.jpg, daisy
2617111535_54c2ac8462.jpg, daisy
2619413565_61a6cd3ac9_m.jpg, daisy
2621723097_736febb4a4_n.jpg, daisy
2627815904_919373e7f5.jpg, daisy
2632216904_274aa17433.jpg, daisy
2635314490_e12d3b0f36_m.jpg, daisy
2641979584_2b21c3fe29_m.jpg, daisy
2642408410_61545fdc83_n.jpg, daisy
2646438199_b309cffd65_n.jpg, daisy
2649404904_b7a91991bb_n.jpg, daisy
2666572212_2caca8de9f_n.jpg, daisy
2713919471_301fcc941f.jpg, daisy
27400851831_fe08fbcb66_n.jpg, daisy
28056118836_77a6847d94_n.jpg, daisy
2812442552_3eed5fb9f2_m.jpg, daisy
2828733818_1c1ed0089d_n.jpg, daisy
2838487505_6c3b48efa5_m.jpg, daisy
2862944799_45bc8e7302.jpg, daisy
286875003_f7c0e1882d.jpg, daisy
2877860110_a842f8b14a_m.jpg, daisy
2889325612_f2fc403ff0_m.jpg, daisy
2901376034_cdb4bac26b_m.jpg, daisy
2908212142_5437fa67ff_n.jpg, daisy
29380234244_c50a60374e_n.jpg, daisy
294451721_5106537b34.jpg, daisy
29821115270_eccd3866e1_n.jpg, daisy
299129811_d6ebda9970.jpg, daisy
30001711132_eb0fd7b04c_n.jpg, daisy
301964511_fab84ea1c1.jpg, daisy
3025866885_22fb0b61c6_n.jpg, daisy
302782756_d35cb3e468.jpg, daisy
305160642_53cde0f44f.jpg, daisy
3080880039_4f1bd592e5_n.jpg, daisy
3084924076_4d5c5711af_m.jpg, daisy
3098641292_76c908ba1f_n.jpg, daisy
3117644024_1cbb59a509_n.jpg, daisy
3196066025_d187108070_n.jpg, daisy
3275951182_d27921af97_n.jpg, daisy
3285641623_da0e47f49a.jpg, daisy
3310644753_5607eb96a4_m.jpg, daisy
3326037909_b5ae370722_n.jpg, daisy
3336704121_cfeb67a7d7.jpg, daisy
3337536080_1db19964fe.jpg, daisy
3337643329_accc9b5426.jpg, daisy
3338077096_3a8ed0e2bc_m.jpg, daisy
3356112863_75da8bca2c_m.jpg, daisy
3379332157_04724f6480.jpg, daisy
33802431204_7c58f4e21b_n.jpg, daisy
33806101464_5eca772954_n.jpg, daisy
33807950584_f5b63715e4_n.jpg, daisy
33809174824_00ba798039_n.jpg, daisy
33809956124_b49dcddf8f_n.jpg, daisy
33810542134_a493f19a71_n.jpg, daisy
33814092924_b23d019011_n.jpg, daisy
33819069114_6ecc240b54_n.jpg, daisy
33822751084_c83a7abffd_n.jpg, daisy
33830843653_ee6d7989fa_n.jpg, daisy
33836936163_2dce95ee4d_n.jpg, daisy
33837577463_1ae52a3726_n.jpg, daisy
33838292353_8b143f7980_n.jpg, daisy
33839388103_79cb79f7bc_n.jpg, daisy
33843240613_0b736f9896_n.jpg, daisy
33843400403_db00aa16b8_n.jpg, daisy
33846706663_5f4695ffa4_n.jpg, daisy
33849854704_d2a2415e4d_n.jpg, daisy
33855966243_01b2486428_n.jpg, daisy
33857335804_7f0c96243b_n.jpg, daisy
33858238653_6549e21f53_n.jpg, daisy
33859244503_eeeca6a397_n.jpg, daisy
33863293993_3ed7515936_n.jpg, daisy
3386988684_bc5a66005e.jpg, daisy
33871813063_d7b6bedafe_n.jpg, daisy
33872893913_72d64a9b85_n.jpg, daisy
33874126263_3f6f965784_n.jpg, daisy
33879354664_615c72773d_n.jpg, tulip
33880234094_2541c9c83d_n.jpg, daisy
33884228533_91b75ff4d4_n.jpg, daisy
33885735373_444ba02d9c_n.jpg, daisy
33887503434_a2762228f4_n.jpg, daisy
33890808514_ca21f75499_n.jpg, daisy
33891398493_e0b6d7f683_n.jpg, daisy
33891703033_822f7810ce_n.jpg, daisy
33901756843_94e198d40e_n.jpg, daisy
33911247013_82a1acfcea_n.jpg, daisy
33918001783_06a692e371_n.jpg, daisy
33923454163_9cabcaa733_n.jpg, daisy
34076975155_1faeedec90_n.jpg, daisy
3410906335_37e8a24b1c_n.jpg, daisy
3415180846_d7b5cced14_m.jpg, daisy
34261196280_aa99186136_n.jpg, daisy
34266042310_9c1abd8e11_n.jpg, daisy
34266044490_01dacd2ac2_n.jpg, daisy
34275152390_44e7262261_n.jpg, daisy
34275662120_7757a15d07_n.jpg, daisy
34276373070_27ec2d2596_n.jpg, daisy
34283602490_b61f3da99d_n.jpg, daisy
34283646340_4fe48d1bb7_n.jpg, daisy
34287492780_6dab677857_n.jpg, daisy
34288158610_6e42406193_n.jpg, daisy
34289553800_606f1f2954_n.jpg, daisy
34293312980_5f6c492c52_n.jpg, daisy
34293871550_71d1e4d482_n.jpg, daisy
34295444880_b4376b3a8b_n.jpg, daisy
34300874850_923cc2881c_n.jpg, daisy
34310869690_56cdc84a17_n.jpg, daisy
34312496620_bc01a98aeb_n.jpg, daisy
34326606950_41ff8997d7_n.jpg, daisy
34326847400_f4de801005_n.jpg, daisy
34337108550_0b619aa726_n.jpg, daisy
34342014230_4230ae8e08_n.jpg, daisy
3440366251_5b9bdf27c9_m.jpg, daisy
34476770012_38fba290f3_n.jpg, daisy
34476821002_b6ab77189c_n.jpg, daisy
34485028892_fc238ddfc8_n.jpg, daisy
34486116262_411e6991f4_n.jpg, daisy
34500610132_9921740f71_n.jpg, daisy
34508227161_a9ff840f71_n.jpg, daisy
3450822975_7e77d67636_n.jpg, daisy
34510103621_250ee7ae64_n.jpg, daisy
34517409722_829ec7e152_n.jpg, daisy
34518066912_0e432507bc_n.jpg, daisy
34518374242_310e7abd54_n.jpg, daisy
34520690871_8fe693bc71_n.jpg, daisy
34520699571_f880744f46_n.jpg, daisy
34522174462_b7cbee3ecb_n.jpg, daisy
34524074031_e42b9b1acd_n.jpg, daisy
34524085651_1f0b7e9497_n.jpg, daisy
34530932101_957fab3650_n.jpg, daisy
34531542152_c8ba2e0fea_n.jpg, daisy
34532930772_5cc5fc600d_n.jpg, daisy
34539556222_f7ba32f704_n.jpg, daisy
34540113401_b81594e92a_n.jpg, daisy
34540176411_a35a19a8ef_n.jpg, daisy
34542837641_10492bf600_n.jpg, daisy
34543119581_1fb7e0bd7f_n.jpg, daisy
34546791291_eb8e15e18a_n.jpg, daisy
34546994701_a000b283f1_n.jpg, daisy
34547261352_d39bf4073a_n.jpg, daisy
34554334542_7d8f68a75c_n.jpg, daisy
34562146951_cf3d2a627c_n.jpg, daisy
3456403987_5bd5fa6ece_n.jpg, daisy
34566613262_fefbcc279a_n.jpg, daisy
34571214621_f655295459_n.jpg, daisy
34585331601_837dbe5254_n.jpg, daisy
34585995071_13e07140d8_n.jpg, daisy
34590677231_0ed33ccd55_n.jpg, daisy
34591991761_16fc5c9c00_n.jpg, daisy
34602180741_cf2f671ba5_n.jpg, daisy
34611565966_9de274f987_n.jpg, daisy
34613530216_26cf037012_n.jpg, daisy
3463313493_9497aa47e5_n.jpg, daisy
34637394046_f85541735d_n.jpg, daisy
34637970155_a2b917077c_n.jpg, daisy
34638378196_216d5bbc2e_n.jpg, daisy
34643914016_2e659d6e82_n.jpg, daisy
34652819496_0b6f758986_n.jpg, daisy
34658035045_7782e95b50_n.jpg, daisy
34661399476_9ea7e2fd53_n.jpg, daisy
34664107325_701d5c6f08_n.jpg, daisy
34665595995_13f76d5b60_n.jpg, daisy
34670512115_af22cce24d_n.jpg, daisy
34682895116_88ef018e83_n.jpg, daisy
3468498624_d082f99e98.jpg, daisy
34693373736_9ce6d9e1c3_n.jpg, daisy
34695914906_961f92ffcd_n.jpg, daisy
34696729796_190b1dfdf1_n.jpg, daisy
34696730126_056ffea63c_n.jpg, daisy
34696730346_5f0c131e59_n.jpg, daisy
34701078235_4a770d14a1_n.jpg, daisy
34701198765_54aa641d7a_n.jpg, daisy
34718882165_68cdc9def9_n.jpg, daisy
34720703615_bdf1335d8b_n.jpg, daisy
34727863665_b00ac77266_n.jpg, daisy
34729724865_787c98299d_n.jpg, daisy
34733243845_29f1c30634_n.jpg, daisy
3474942718_c418dae6f1.jpg, daisy
3475870145_685a19116d.jpg, daisy
3483303007_42e3f90da7.jpg, daisy
3491933306_43cfe2cfbe.jpg, daisy
3494265422_9dba8f2191_n.jpg, daisy
3504430338_77d6a7fab4_n.jpg, daisy
3506866918_61dd5fc53b_n.jpg, daisy
3533954656_79156c8473.jpg, daisy
3546455114_cd2dea5e02.jpg, daisy
3552074420_2a0a7166db_m.jpg, daisy
3588872598_e0f9a1d2a1_m.jpg, daisy
3598615130_578ed30e5f.jpg, daisy
3611577717_f3a7a8c416_n.jpg, daisy
3625257860_33efeef614_m.jpg, daisy
3627678863_557552c879_m.jpg, daisy
3628485766_4ff937954a_n.jpg, daisy
3633489595_a037a9b7a4_m.jpg, daisy
3637428148_a1dcccafa9_n.jpg, daisy
3639009391_0f910681b7.jpg, daisy
3640845041_80a92c4205_n.jpg, daisy
3661613900_b15ca1d35d_m.jpg, daisy
367020749_3c9a652d75.jpg, daisy
3695826945_9f374e8a00_m.jpg, daisy
3699235066_fc09a02dfe_m.jpg, daisy
3703643767_dee82cdef9_n.jpg, daisy
3704305945_a80e60e2f6_m.jpg, daisy
3704306975_75b74497d8.jpg, daisy
3706420943_66f3214862_n.jpg, daisy
3711723108_65247a3170.jpg, daisy
3711892138_b8c953fdc1_z.jpg, daisy
3713290261_8a66de23ab.jpg, daisy
3717746329_53f515c6a6_m.jpg, daisy
3720632920_93cf1cc7f3_m.jpg, daisy
3750250718_eb61146c5f.jpg, daisy
3750771898_cfd50090ba_n.jpg, daisy
3758221664_b19116d61f.jpg, daisy
3764116502_f394428ee0_n.jpg, daisy
3773181799_5def396456.jpg, daisy
3780380240_ef9ec1b737_m.jpg, daisy
3848258315_ed2fde4fb4.jpg, daisy
3861452393_14d2f95157_m.jpg, daisy
3900172983_9312fdf39c_n.jpg, daisy
3939135368_0af5c4982a_n.jpg, daisy
3957488431_52a447c0e8_m.jpg, daisy
3962240986_0661edc43a_n.jpg, daisy
3963330924_6c6a3fa7be_n.jpg, daisy
3975010332_3209f9f447_m.jpg, daisy
3999978867_c67c79597f_m.jpg, daisy
4065883015_4bb6010cb7_n.jpg, daisy
4085794721_7cd88e0a6c_m.jpg, daisy
4117918318_3c8935289b_m.jpg, daisy
4131565290_0585c4dd5a_n.jpg, daisy
413815348_764ae83088.jpg, daisy
4141147800_813f660b47.jpg, daisy
4144275653_7c02d47d9b.jpg, daisy
422094774_28acc69a8b_n.jpg, daisy
4222584034_8964cbd3de.jpg, daisy
4229503616_9b8a42123c_n.jpg, daisy
4258408909_b7cc92741c_m.jpg, daisy
4268817944_cdbdb226ae.jpg, daisy
4276898893_609d11db8b.jpg, daisy
4278442064_a5a598524b_m.jpg, daisy
4281102584_c548a69b81_m.jpg, daisy
4286053334_a75541f20b_m.jpg, daisy
4301689054_20519e5b68.jpg, daisy
4318007511_e9f4311936_n.jpg, daisy
4333085242_bbeb3e2841_m.jpg, daisy
43474673_7bb4465a86.jpg, daisy
435283392_72e4c5b5d6_m.jpg, daisy
437859108_173fb33c98.jpg, daisy
4407065098_ef25f1ccac_n.jpg, daisy
4413849849_b8d2f3bcf1_n.jpg, daisy
4432271543_01c56ca3a9.jpg, daisy
4434592930_6610d51fca_m.jpg, daisy
4440480869_632ce6aff3_n.jpg, daisy
446484749_4044affcaf_n.jpg, daisy
4482623536_b9fb5ae41f_n.jpg, daisy
4496202781_1d8e776ff5_n.jpg, daisy
450128527_fd35742d44.jpg, daisy
4511693548_20f9bd2b9c_m.jpg, daisy
4534460263_8e9611db3c_n.jpg, daisy
4538877108_3c793f7987_m.jpg, daisy
4540555191_3254dc4608_n.jpg, daisy
4544110929_a7de65d65f_n.jpg, daisy
4561871220_47f420ca59_m.jpg, daisy
4563059851_45a9d21a75.jpg, daisy
4565255237_9ba29c4d4e_n.jpg, daisy
4581199679_867652c3f1_n.jpg, daisy
4584890753_14ea24a619_n.jpg, daisy
4598422221_b37313a3e3_n.jpg, daisy
4610018126_21f438d2dc_m.jpg, daisy
4613992315_143ccc2a10_m.jpg, daisy
4654579740_6671a53627_m.jpg, daisy
4657354814_f368762c53_m.jpg, daisy
4666648087_b10f376f19.jpg, daisy
4668543441_79040ca329_n.jpg, daisy
4669117051_ce61e91b76.jpg, daisy
4683997791_56e7d3c03c_n.jpg, daisy
4694730335_2553e77aa5_z.jpg, daisy
4694734757_5c563d38dd_n.jpg, daisy
4697206799_19dd2a3193_m.jpg, daisy
4724713781_d169f98a35.jpg, daisy
4727955343_0bb23ac4ae.jpg, daisy
4733590002_f6a70b4f48_n.jpg, daisy
4746633946_23933c0810.jpg, daisy
4753134939_8e87649db6.jpg, daisy
4757448834_a29a9538c9_n.jpg, daisy
476856232_7c35952f40_n.jpg, daisy
476857510_d2b30175de_n.jpg, daisy
4785888250_b661eac225_n.jpg, daisy
4790631791_21e9648097_n.jpg, daisy
4792826628_aa5e5a9804_n.jpg, daisy
4814515275_6e25a6c18f.jpg, daisy
4820415253_15bc3b6833_n.jpg, daisy
4837182901_69a6cc782b_n.jpg, daisy
4851353993_2cbbbd1040_n.jpg, daisy
4858518329_7563eb0baa_m.jpg, daisy
4861391074_c3e122dab0_m.jpg, daisy
4865691548_00319261b8.jpg, tulip
488202750_c420cbce61.jpg, daisy
4890424315_6a59696357_n.jpg, daisy
4897587985_f9293ea1ed.jpg, daisy
4923279674_e7f8e70794_n.jpg, daisy
495098110_3a4bb30042_n.jpg, daisy
4955671608_8d3862db05_n.jpg, daisy
498159452_b71afd65ba.jpg, daisy
4993492878_11fd4f5d12.jpg, daisy
5014137563_d03eb0ed75_n.jpg, daisy
5054771689_00dd40b971_n.jpg, daisy
5058708968_8bdcd29e63_n.jpg, daisy
506018088_4f7a15a7c5_n.jpg, daisy
506348009_9ecff8b6ef.jpg, daisy
5087720485_c0914fb623.jpg, daisy
510844526_858b8fe4db.jpg, daisy
5109508979_68e3530791_m.jpg, daisy
5110105726_53eb7a93be_m.jpg, daisy
5110107234_12ddc0206b_m.jpg, daisy
5110109540_beed4ed162_m.jpg, daisy
5110110938_9da91455c4_m.jpg, daisy
512177035_70afc925c8.jpg, daisy
512477177_d9004cbcf1_n.jpg, daisy
5133243796_44de429de5_m.jpg, daisy
5135131051_102d4878ca_n.jpg, daisy
515112668_a49c69455a.jpg, daisy
517054463_036db655a1_m.jpg, daisy
519880292_7a3a6c6b69.jpg, daisy
520752848_4b87fb91a4.jpg, daisy
521762040_f26f2e08dd.jpg, daisy
525271784_013ddccd1b_m.jpg, daisy
525780443_bba812c26a_m.jpg, daisy
530738000_4df7e4786b.jpg, daisy
534547364_3f6b7279d2_n.jpg, daisy
538920244_59899a78f8_n.jpg, daisy
5434742166_35773eba57_m.jpg, daisy
5434901893_4550be3f84_m.jpg, daisy
5434913005_409c1e8b56_n.jpg, daisy
5434914569_e9b982fde0_n.jpg, daisy
5435513198_90ce39f1aa_n.jpg, daisy
5435521200_92029bbe2b_n.jpg, daisy
5435522104_1d6a61b431_n.jpg, daisy
54377391_15648e8d18.jpg, daisy
5459481183_18d2d49e44_m.jpg, daisy
5512287917_9f5d3f0f98_n.jpg, daisy
5547758_eea9edfd54_n.jpg, daisy
5561775629_a2b709b3a4_n.jpg, daisy
5574421625_61b1f49b3f_m.jpg, daisy
5577555349_2e8490259b.jpg, daisy
5586977262_6b24412805_n.jpg, daisy
5602738326_97121e007d_n.jpg, daisy
5608389827_a42a46f760.jpg, daisy
5623010186_796ca8d29a.jpg, daisy
5626784099_b36dd3fb11_n.jpg, daisy
5626895440_97a0ec04c2_n.jpg, daisy
5632774792_0fa33d17eb_n.jpg, daisy
5665834973_76bd6c6523_m.jpg, daisy
5665838969_fe217988b9_m.jpg, daisy
5673551_01d1ea993e_n.jpg, daisy
5673728_71b8cb57eb.jpg, daisy
5679288570_b4c52e76d5.jpg, daisy
5684911529_88a7ae32ba_n.jpg, daisy
5693459303_e61d9a9533.jpg, daisy
5700781400_65761f3fce.jpg, daisy
5714327423_50af0cffe9.jpg, daisy
5722473541_ffac1ae67e_n.jpg, daisy
5739768868_9f982684f9_n.jpg, daisy
5740004086_690a1eef85_n.jpg, daisy
5765646947_82e95a9cc9_n.jpg, daisy
5769217520_c90efc3c93_m.jpg, daisy
5773652803_574b51414f_n.jpg, daisy
5794835_d15905c7c8_n.jpg, daisy
5794839_200acd910c_n.jpg, daisy
5795159787_ebb51a5e75.jpg, daisy
5796562389_ae43c83317_m.jpg, daisy
5809489674_5659b3ae5d_n.jpg, daisy
5811226952_4650ed70ae_n.jpg, daisy
5853276960_d08f90fff6.jpg, daisy
5869147563_66fb88119d.jpg, daisy
5874818796_3efbb8769d.jpg, daisy
5876455546_32049e5585.jpg, daisy
5881907044_92a85a05c8_n.jpg, daisy
5883162120_dc7274af76_n.jpg, daisy
5884807222_22f5326ba8_m.jpg, daisy
5885826924_38fdc6bcaa_n.jpg, daisy
5896103923_075a988bed_n.jpg, daisy
5896105367_fa08a65869_n.jpg, daisy
5896110423_e084b33401_n.jpg, daisy
5896674046_a4879f718e_n.jpg, tulip
5896675418_e6ff20a739_n.jpg, daisy
5896676090_68bb74b1e9_n.jpg, daisy
5896679822_5f60d35c33_n.jpg, daisy
5896680664_641de2de5a_n.jpg, daisy
5904946193_bd1eb1f39d_n.jpg, daisy
5905502226_bb23bd8fa0_n.jpg, daisy
5905504340_1d60fa9611_n.jpg, daisy
5924910021_b6debeb7b5_n.jpg, daisy
5944315415_2be8abeb2f_m.jpg, daisy
5948835387_5a98d39eff_m.jpg, daisy
5973488341_50bdf6cee3_n.jpg, daisy
5973491805_556bba93cc.jpg, daisy
5981645737_29eceac291_m.jpg, daisy
5997702776_c7bc37aa6b_n.jpg, daisy
6046940312_8faf552f3e_n.jpg, daisy
6054952060_c88612f3c5_n.jpg, daisy
6089825811_80f253fbe1.jpg, daisy
6095817094_3a5b1d793d.jpg, daisy
6136947177_47ff445eb4_n.jpg, daisy
6148728633_27afc47b0c_m.jpg, daisy
6207492986_0ff91f3296.jpg, daisy
6208851904_9d916ebb32_n.jpg, daisy
6210664514_f1d211217a.jpg, daisy
6299498346_b9774b6500.jpg, daisy
6299910262_336309ffa5_n.jpg, daisy
6323721068_3d3394af6d_n.jpg, daisy
6480809573_76a0074b69_n.jpg, daisy
6480809771_b1e14c5cc2_m.jpg, daisy
6529588249_d9cbe68aab_n.jpg, daisy
6596277835_9f86da54bb.jpg, daisy
676120388_28f03069c3.jpg, daisy
6776075110_1ea7a09dd4_n.jpg, daisy
6864242336_0d12713fe5_n.jpg, daisy
6884975451_c74f445d69_m.jpg, daisy
6910811638_aa6f17df23.jpg, daisy
6950173662_5e9473003e_n.jpg, daisy
695778683_890c46ebac.jpg, daisy
6978826370_7b9aa7c7d5.jpg, daisy
705422469_ffa28c566d.jpg, daisy
7066602021_2647457985_m.jpg, daisy
7133935763_82b17c8e1b_n.jpg, daisy
7188513571_c8527b123a_n.jpg, daisy
7189043225_2fe781439a_n.jpg, daisy
7191221492_610035de7c_m.jpg, daisy
7199968650_72afc16d31_m.jpg, daisy
721595842_bacd80a6ac.jpg, daisy
7227973870_806d9d3e42_n.jpg, daisy
7288989324_c25d9febbf.jpg, daisy
7320089276_87b544e341.jpg, daisy
7335886184_d06a83f640.jpg, daisy
7357072446_c21c38c863_n.jpg, daisy
7358085448_b317d11cd5.jpg, daisy
7377004908_5bc0cde347_n.jpg, daisy
7410356270_9dff4d0e2e_n.jpg, daisy
7416083788_fcb4c4f27e_n.jpg, daisy
7454630692_ab2d67dd18_m.jpg, daisy
7538403124_f2fc48750a.jpg, daisy
754248840_95092de274.jpg, daisy
754296579_30a9ae018c_n.jpg, daisy
7568630428_8cf0fc16ff_n.jpg, daisy
7629784968_b953501902_n.jpg, daisy
7630511450_02d3292e90.jpg, daisy
7630517248_98fb8bee1f_n.jpg, daisy
7630520686_e3a61ac763.jpg, daisy
7633425046_8293e3d0e9_m.jpg, daisy
7669550908_bc5a11276f_n.jpg, daisy
7702332000_3f21ef4571_n.jpg, daisy
7749368884_1fc58c67ff_n.jpg, daisy
7790614422_4557928ab9_n.jpg, daisy
7924174040_444d5bbb8a.jpg, daisy
799952628_bf836677fa_n.jpg, daisy
8008258043_5457dd254b_n.jpg, daisy
8008629838_c62bb2b016_n.jpg, daisy
8021540573_c56cf9070d_n.jpg, daisy
8063844363_db3f4dea85.jpg, daisy
8071646795_2fdc89ab7a_n.jpg, daisy
8085329197_41d53a21e2_n.jpg, daisy
8094774544_35465c1c64.jpg, daisy
8120563761_ed5620664f_m.jpg, daisy
8127252886_96558c23d1.jpg, daisy
813445367_187ecf080a_n.jpg, daisy
8322526877_95d1c0f8bc_n.jpg, daisy
8348621545_8f02b82662_n.jpg, daisy
8382667241_0f046cecdb_n.jpg, daisy
8383753520_8391dd80ee_m.jpg, daisy
8405273313_bef13f6c27_n.jpg, daisy
8446495985_f72d851482.jpg, daisy
8489463746_a9839bf7e4.jpg, daisy
8616684075_71923bb771_n.jpg, daisy
8619103877_d8c82c5f34_n.jpg, daisy
8645839873_0151fb92bf_n.jpg, daisy
8671824531_64b816949e_m.jpg, daisy
8681746439_d6beeefbf9.jpg, daisy
8694909523_3ca25d449d_n.jpg, daisy
8696022686_1f8d62c5cb_m.jpg, daisy
8706810197_17b6c1f1e7.jpg, daisy
8708143485_38d084ac8c_n.jpg, daisy
8709110478_60d12efcd4_n.jpg, daisy
8709535323_a6bea3e43f.jpg, daisy
8710109684_e2c5ef6aeb_n.jpg, daisy
8718637649_87a0d85190_n.jpg, daisy
8719756744_34a5a83976_n.jpg, daisy
8740807508_0587f5b7b7.jpg, daisy
8742143296_fed9fa007c.jpg, daisy
8759177308_951790e00d_m.jpg, daisy
8882282142_9be2524d38_m.jpg, daisy
8887005939_b19e8305ee.jpg, daisy
8932490012_cc08e690ba_n.jpg, daisy
8938566373_d129e7af75.jpg, daisy
8964198962_6d8593b533.jpg, daisy
8983779970_9d3a6a3bf2_n.jpg, daisy
9054268881_19792c5203_n.jpg, daisy
9094631844_1a6abca29e.jpg, daisy
909609509_a05ccb8127.jpg, daisy
9120905231_329598304e.jpg, daisy
9146733107_98b15d3892_m.jpg, daisy
9158041313_7a6a102f7a_n.jpg, daisy
9161647994_e39b65cb9c_n.jpg, daisy
9175280426_40ecc395b8_m.jpg, daisy
9180706736_092d43088c.jpg, daisy
9204730092_a7f2182347.jpg, daisy
9221345475_67735dbf4f_n.jpg, daisy
9225336602_e6c392f941_n.jpg, daisy
9242705328_eee8402a8d.jpg, daisy
9244082319_b1f7e2d8b0_n.jpg, daisy
9286947622_4822f4fc21.jpg, daisy
9299302012_958c70564c_n.jpg, daisy
9310226774_d1b8f5d9c9.jpg, daisy
9321854387_5f77c926cb_n.jpg, daisy
9345273630_af3550031d.jpg, daisy
9346508462_f0af3163f4.jpg, daisy
9350942387_5b1d043c26_n.jpg, daisy
9467543719_c4800becbb_m.jpg, daisy
9489270024_1b05f08492_m.jpg, daisy
9496209717_25a6ebdab6_m.jpg, daisy
9515186037_3be48fe68f.jpg, daisy
9529916092_de70623523_n.jpg, daisy
9593034725_0062f0d24e_n.jpg, daisy
9595857626_979c45e5bf_n.jpg, daisy
9611923744_013b29e4da_n.jpg, daisy
9922116524_ab4a2533fe_n.jpg, daisy
99306615_739eb94b9e_m.jpg, daisy
10043234166_e6dd915111_n.jpg, daisy
10200780773_c6051a7d71_n.jpg, daisy
10294487385_92a0676c7d_m.jpg, daisy
10437652486_aa86c14985.jpg, daisy
10443973_aeb97513fc_m.jpg, daisy
10477378514_9ffbcec4cf_m.jpg, daisy
10486992895_20b344ce2d_n.jpg, daisy
10617162044_8740d4dd9f_n.jpg, daisy
10617191174_9a01753241_n.jpg, daisy
10683189_bd6e371b97.jpg, daisy
1074999133_1e4a1e042e.jpg, daisy
10777398353_5a20bb218c.jpg, daisy
10778387133_9141024b10.jpg, daisy
10779476016_9130714dc0.jpg, daisy
1080179756_5f05350a59.jpg, daisy
10828951106_c3cd47983f.jpg, daisy
10919961_0af657c4e8.jpg, daisy
10946896405_81d2d50941_m.jpg, daisy
11124381625_24b17662bd_n.jpg, daisy
1128626197_3f52424215_n.jpg, daisy
11296320473_1d9261ddcb.jpg, daisy
11405573_24a8a838cc_n.jpg, daisy
11465213433_847c4fa261.jpg, daisy
11545123_50a340b473_m.jpg, daisy
11595255065_d9550012fc.jpg, daisy
11768468623_9399b5111b_n.jpg, daisy
11775820493_10fedf4bff_n.jpg, daisy
1193386857_3ae53574f2_m.jpg, daisy
1195255751_d58b3d3076.jpg, daisy
12093962485_7c3e9a2a23_n.jpg, daisy
12094442595_297494dba4_m.jpg, daisy
1241011700_261ae180ca.jpg, daisy
126012913_edf771c564_n.jpg, daisy
1273326361_b90ea56d0d_m.jpg, daisy
129019877_8eea2978ca_m.jpg, daisy
1297972485_33266a18d9.jpg, daisy
12998979765_3de89e7195_n.jpg, daisy
130733200_fbe28eea19.jpg, tulip
13290033_ebd7c7abba_n.jpg, daisy
13331969914_890082d898_n.jpg, daisy
13386618495_3df1f1330d.jpg, daisy
13471273823_4800ca8eec.jpg, daisy
1353279846_7e6b87606d.jpg, daisy
13560152823_9da5e48c87_m.jpg, daisy
136011860_44ca0b2835_n.jpg, daisy
13652698934_d258a6ee8c.jpg, daisy
13675534854_03caf51644_m.jpg, daisy
136999986_e410a68efb_n.jpg, daisy
13734221225_0e04edc6b6.jpg, daisy
13807932364_673b7f1c1c_n.jpg, daisy
138132145_782763b84f_m.jpg, daisy
138166590_47c6cb9dd0.jpg, daisy
1386449001_5d6da6bde6.jpg, daisy
13881700933_69a750d418_n.jpg, daisy
13887031789_97437f246b.jpg, daisy
13887066460_64156a9021.jpg, daisy
13897156242_dca5d93075_m.jpg, daisy
13900486390_5a25785645_n.jpg, daisy
13910677675_4900fa3dbf_n.jpg, daisy
139124974_9e3ba69f6c.jpg, daisy
13916196427_50a611008f.jpg, daisy
13920113_f03e867ea7_m.jpg, daisy
13942846777_5571a6b0a1_n.jpg, daisy
13946048982_4e6ec56987.jpg, daisy
13967344688_aa629dcdee_n.jpg, daisy
13968424321_1d89b33a9f_n.jpg, daisy
14002252932_64d5cbdac7.jpg, daisy
14003401241_543535b385.jpg, daisy
14012247974_69ac128799.jpg, daisy
14019781123_ea0f8722d4_n.jpg, daisy
14021281124_89cc388eac_n.jpg, daisy
14048849371_ec9dbafaeb_m.jpg, daisy
14053173516_a00150a919_m.jpg, daisy
14053184940_7ced69250f_n.jpg, daisy
14053397367_75cba846eb_n.jpg, daisy
14058811536_f29cd7bd58_n.jpg, daisy
14060367700_fe87e99b6a_m.jpg, daisy
14065420729_9b388bf7cb_m.jpg, daisy
14070457521_8eb41f65fa.jpg, daisy
14070463051_86ab57ab36.jpg, daisy
14076873230_d0bd53b220.jpg, daisy
14084345111_8a4cb05a31.jpg, daisy
14085038920_2ee4ce8a8d.jpg, daisy
14093744313_b66bc95072.jpg, daisy
14093789753_f0f1acdb57.jpg, daisy
140951103_69847c0b7c.jpg, daisy
14126515096_1134fae695.jpg, daisy
14128835667_b6a916222c.jpg, daisy
14128839257_23def53028.jpg, daisy
141340262_ca2e576490.jpg, daisy
1413979148_b40d63db90_m.jpg, daisy
14164392167_650946a169_n.jpg, daisy
141652526_2be95f21c3_n.jpg, daisy
14171812905_8b81d50eb9_n.jpg, daisy
14185089716_2a48298d17.jpg, tulip
141935731_d26d600f4f_m.jpg, daisy
14199664556_188b37e51e.jpg, daisy
14200639491_2a4611916d_n.jpg, daisy
14202166370_e989588332.jpg, daisy
14211880544_5d1f9d5aa8_n.jpg, daisy
142390525_5d81a3659d_m.jpg, daisy
1426682852_e62169221f_m.jpg, daisy
14278605962_d3cce5522f.jpg, daisy
142813254_20a7fd5fb6_n.jpg, daisy
14283011_3e7452c5b2_n.jpg, tulip
14292205986_da230467ef.jpg, daisy
14306875733_61d71c64c0_n.jpg, daisy
14313509432_6f2343d6c8_m.jpg, daisy
14335561523_f847f2f4f1.jpg, daisy
14362539701_cf19e588ca.jpg, daisy
14368895004_c486a29c1e_n.jpg, daisy
14373114081_7922bcf765_n.jpg, daisy
14375349004_68d893254a_n.jpg, daisy
14376454225_a1de336c5b.jpg, daisy
14396023703_11c5dd35a9.jpg, daisy
144040769_c5b805f868.jpg, daisy
14404468648_37903d7025_m.jpg, daisy
1443259657_2704fab26e_n.jpg, daisy
14439618952_470224b89b_n.jpg, daisy
14455605089_8bbfb41cd7_n.jpg, daisy
14457225751_645a3784fd_n.jpg, daisy
144686365_d7e96941ee_n.jpg, daisy
14469481104_d0e29f7ffd.jpg, daisy
145173479_7d04346c20.jpg, daisy
14554897292_b3e30e52f2.jpg, daisy
14576445793_582aa6446b_m.jpg, daisy
146023167_f905574d97_m.jpg, daisy
14614655810_9910e6dbd6_n.jpg, daisy
146242691_44d9c9d6ce_n.jpg, daisy
14648777167_1d92d403c9_n.jpg, tulip
1469549847_eac61a6802.jpg, daisy
14728922673_99086a3818_n.jpg, daisy
14740350060_a489d9fa06.jpg, daisy
14761980161_2d6dbaa4bb_m.jpg, daisy
14805304536_c321a7b061_n.jpg, daisy
148180650_19a4b410db.jpg, daisy
14829055_2a2e646a8f_m.jpg, daisy
14845607659_1be18c5d7f.jpg, daisy
148698493_5710e5f472.jpg, daisy
14884028290_a1344eb446.jpg, daisy
14886860069_b84665a073.jpg, daisy
14886963928_d4856f1eb6_n.jpg, daisy
14914603395_b271ffab56_n.jpg, daisy
149782934_21adaf4a21.jpg, daisy
15002906952_cab2cb29cf.jpg, daisy
15005530987_e13b328047_n.jpg, daisy
15123503538_8ee984abc6.jpg, daisy
151385301_153eacf6b5_n.jpg, daisy
151385302_f8980a257f_n.jpg, daisy
15139657325_74031c44fc.jpg, daisy
151861297_55b10a03a6_n.jpg, daisy
151979452_9832f08b69.jpg, tulip
